path,bytes,media_type,width_px,height_px,mode,sha256
01_Logo/Color_Variants/shongre-logo-horizontal-mono-ink.png,5440,image/png,1956,500,P,ed9758d8fc7cfe7db3da691e5f9c62d454cc5047ebb1c3f3f818b49746b53db8
01_Logo/Color_Variants/shongre-logo-horizontal-mono-orange.png,8191,image/png,1956,500,P,fd6dbcbd2c1e813397b1db71fec184cbb9ff0e0a47d8ab33d6eee449b24a516e
01_Logo/Color_Variants/shongre-logo-horizontal-mono-white.png,8042,image/png,1956,500,LA,feeb20ea46f17575b223347e6b930f4611b693b451308d67d63866f117c022b5
01_Logo/Color_Variants/shongre-logo-horizontal-reverse.png,14989,image/png,1956,500,RGBA,77d951984a984e8d765a6727e8acc56cdb2c704add73b72480e5b6d5f39e779e
01_Logo/Color_Variants/shongre-logo-stacked-mono-ink.png,5036,image/png,1197,843,P,3469ab4b72947d5c3ff53d0ad3ca3edd42b185e7d7340dfd4b059c6227bd936e
01_Logo/Color_Variants/shongre-logo-stacked-mono-white.png,8341,image/png,1197,843,LA,2a37ab5e01bd5bb93b84d4c14bc9d2f6197ab2ff8adc9d52bcac9c7289e981ad
01_Logo/Color_Variants/shongre-wordmark-mono-ink.png,6388,image/png,2024,383,P,0c6700d6e09854bb8af44131af3c530866649df4d6272a9fab9efafcfa0b5393
01_Logo/Color_Variants/shongre-wordmark-mono-white.png,8297,image/png,2024,383,LA,6d9a01548b6b20ba365fecd573682571daa6a281412bca93cc9d6bee7c34a04e
01_Logo/Color_Variants/shongre-wordmark-reverse.png,7447,image/png,2024,383,P,f579b338cfcde4afae1e86a9f50c4e78acb42be092e74b55ecd623d0ab2e8507
01_Logo/Master/shongre-logo-horizontal-primary.png,14858,image/png,1956,500,RGBA,9359d6226ec7e70a4fda277350e99a47aa9278fbd24ca385e85e004610ff603a
01_Logo/Master/shongre-logo-stacked-primary.png,16402,image/png,1197,843,RGBA,143d7b1369916cc21381f342eeebc6a9bf410a0fa2f28c90ec4c92af65f73476
01_Logo/Master/shongre-wordmark-primary.png,7311,image/png,2024,383,P,b96fef7f46e038905aa5134f19cf22d08dc70e2ea0fe6375ce64cddb2c166fd6
01_Logo/Raster/shongre-logo-horizontal-1024w.png,31670,image/png,1024,262,RGBA,76b0a7c240e8b89ffa844915747ad39088c69a8d12102f86f148563a0756fbd9
01_Logo/Raster/shongre-logo-horizontal-2048w.png,66673,image/png,2048,524,RGBA,60309ec1e585f5d7a1de53bed947c36e11b11f0ae7f2006d881fb0e7c32017fd
01_Logo/Raster/shongre-logo-horizontal-256w.png,7714,image/png,256,65,RGBA,2ab7c18fa66ebba6e3d715fa292c69dc9a94baff86cd5fdcd77884f7ca294330
01_Logo/Raster/shongre-logo-horizontal-512w.png,15862,image/png,512,131,RGBA,98b9f185b4cab17f1c4dc606da007f067f235383aacb7f8802889487947d3098
01_Logo/Raster/shongre-logo-horizontal-on-ink.jpg,50882,image/jpeg,2048,524,RGB,d74d25f7fb94a4b617a3ad673191a14a48a9020beec50414c0d18eb40be6d3ff
01_Logo/Raster/shongre-logo-horizontal-on-white.jpg,98401,image/jpeg,2048,524,RGB,e09f99c4ec55328ab53da3fa676b89f239d21eee9aea6b65e30a90a19eda83eb
01_Logo/Raster/shongre-logo-horizontal.tif,50748,image/tiff,2048,524,RGBA,a83478b9ffd764255fa14fd4d415ae21c2da8a5aee9015eb026795d78dada249
01_Logo/Raster/shongre-logo-horizontal.webp,19764,image/webp,2048,524,RGBA,a53beb296cec43a9deee7f38861480d8bf580d8f98c2e29b26d4df2745521cca
01_Logo/Raster/shongre-logo-stacked-1024.png,58047,image/png,1024,1024,RGBA,f42ae591d6900a9daec2e369a686ff8198b48cb1a78185d4a3a1d8973b6c8663
01_Logo/Raster/shongre-logo-stacked-256.png,14062,image/png,256,256,RGBA,27b7b043f86d61e561c5e269e0e8a9197524b63f612a58b848cd5df4959626a9
01_Logo/Raster/shongre-logo-stacked-512.png,27843,image/png,512,512,RGBA,a632dfaaa50abc8769c59731acacda51c8445b011daa80b9a9ea43e999b0c405
01_Logo/Vector_Compatibility/README.md,484,text/markdown,,,,3598c258a8968dd6315db382b2383d45189d7718e3e8fa4809f86c974fe4f3e7
01_Logo/Vector_Compatibility/shongre-logo-horizontal-primary.svg,43548,image/svg+xml,,,,8a495bef46cd99a2b0dea45dfcceca47f003d756d6d30fe8b55321b14011c902
01_Logo/Vector_Compatibility/shongre-logo-horizontal-reverse.svg,44478,image/svg+xml,,,,5b3257771ce283d504982238715aa016590066aa747afffa2d28a6af63fe04a3
01_Logo/Vector_Compatibility/shongre-logo-stacked-primary.svg,48250,image/svg+xml,,,,dbc199e28dd0d96fdf1f6de3e9ea07a5cf444d855d120a61d40225cd9caf78f4
01_Logo/Vector_Compatibility/shongre-wordmark-primary.svg,21794,image/svg+xml,,,,ee89f1ed1fb285593cbad7b6748d09b3b69c4dd3c141773e4c57e31c1039bfc2
02_Icon/Color_Variants/shongre-icon-mono-ink.png,2878,image/png,1106,1082,P,0c8d2d1dbe695035bcf3c4951108997b583f60b782c41d31e64a27511ee63389
02_Icon/Color_Variants/shongre-icon-mono-ink.svg,8111,image/svg+xml,,,,594d437746fa85e8566f241f63860e7bfdecc5d4996209afd8c4108f50e1370e
02_Icon/Color_Variants/shongre-icon-mono-orange.png,7802,image/png,1106,1082,P,56a2a0a110d69357fd32ffeb54f2d5d5f077e4b47b073e2445c3cbcd9ffd0e9f
02_Icon/Color_Variants/shongre-icon-mono-white.png,6781,image/png,1106,1082,LA,10626009931ab5ca80a8a95da03befce9a8155fd81428c53627fca67858611ef
02_Icon/Color_Variants/shongre-icon-mono-white.svg,18523,image/svg+xml,,,,9bf08fdf561b75cc051fcd32e7191e7caed965bc15c4123b6a3b5a57ce3c581e
02_Icon/Master/shongre-icon-1024.png,70571,image/png,1024,1024,RGBA,5dbb845ecafbc4713996c5d0e7b0b7dec4d77ecfdac13ff1163be881b49e9cd1
02_Icon/Master/shongre-icon-primary.png,25405,image/png,1106,1082,RGBA,13f981ca26f6f59ffdb701fb8aef411aa764e44b44a09f902f80d61d731409d7
02_Icon/Master/shongre-icon-primary.svg,71751,image/svg+xml,,,,a147defc2ffaa9fdb24e586711cba262965680239ca5823f051be57c38acccc7
03_Web/README.md,591,text/markdown,,,,368f2290c9183e365469fbbbf0fafd883ac6a830693efe047af710a518be9efb
03_Web/apple-touch-icon.png,5918,image/png,180,180,RGBA,559b836a8323612155317ab58d0e438cc6a02b9f26d7ffa90db5b0fd3e563a29
03_Web/favicon/favicon-16x16.png,713,image/png,16,16,P,df0398dc3e4704e4ab2558eb171ae52790deee64fc85008a530c0a757a92605e
03_Web/favicon/favicon-32x32.png,1671,image/png,32,32,RGBA,734bd63f96604bd05c9c2e4a802c8b15388fc82a834c8037c654713b43a7f7af
03_Web/favicon/favicon-48x48.png,2640,image/png,48,48,RGBA,83c58d9d2a304f61a35b9304056a854e26aeb77ff0fb18bde9a21a3476e17f4a
03_Web/favicon/favicon-64x64.png,3738,image/png,64,64,RGBA,20079b648b1c4e7f604c399e932c086b9a37a45924df0df3ca41ff53fbe45dd0
03_Web/favicon/favicon-96x96.png,5660,image/png,96,96,RGBA,b011a59eff59d2af95fd44bf660541c04b83694b1f322cfbb90c5056e578b4ad
03_Web/favicon/favicon.ico,15086,image/vnd.microsoft.icon,48,48,RGBA,19917c3490991c9d9d3a57c9f84be720504a14b1df0bc445e6e93a5a4df519e1
03_Web/header/shongre-header-logo-240w.png,7161,image/png,240,61,RGBA,635773a2a300de520dfa0f3a594ebd1c126e535e3bc82b78f5b253e4eee9c8b9
03_Web/header/shongre-header-logo-480w.png,14803,image/png,480,123,RGBA,3cb905f31de669f9d4eece7a7ff5c0bf4adc84056c4059dc966e8929c027095b
03_Web/header/shongre-header-logo-960w.png,29734,image/png,960,245,RGBA,d09bf278dd35881b50ee9c51a645b63b012c5e2c966bb5b58aea5f4441074bd0
03_Web/header/shongre-header-logo-reverse-240w.png,7100,image/png,240,61,RGBA,c90a376284f5e1b1b3ec2b42acc052a182dda4ef321dffe88c1bf82b42f0a4c0
03_Web/header/shongre-header-logo-reverse-480w.png,14786,image/png,480,123,RGBA,69cdf747a7b6dcbc720a26e243a93d2958d73d7b290f9fbf788e48c4e4fdc30e
03_Web/header/shongre-header-logo-reverse-960w.png,29585,image/png,960,245,RGBA,bd858c6bc5a16da3deb613bc9381d457307f40a1e1adebf06fdc192b7e5035b1
03_Web/open-graph/shongre-og-dark-1200x630.png,32653,image/png,1200,630,RGBA,9d882c4a8ba39cd28bbed540ee8afb4da6b3de9977104a1ed7d37396471afb86
03_Web/open-graph/shongre-og-light-1200x630.png,31964,image/png,1200,630,RGBA,3f337f4fc547a22897873356155b720c54e18709e24cc470461372a7246d3709
03_Web/pwa/icon-192x192.png,11389,image/png,192,192,RGBA,7b5d34ff99490ae4d1a46ae4515ba74c7111b4c4d712bf17019f785388978bc7
03_Web/pwa/icon-512x512.png,31424,image/png,512,512,RGBA,9895be6241444d9f21022d48c6378ad5f3fbc82277a72381cf9612686bff32da
03_Web/pwa/icon-maskable-192x192.png,6457,image/png,192,192,RGBA,0e08e774c10a11163acbd0e2694ec2075644077b19d6101fa0fdf2901b6f0ba7
03_Web/pwa/icon-maskable-512x512.png,17631,image/png,512,512,RGBA,289050d6a6c8593c6d91770a61f2ffcd1492528b2942a6d08a662458425aa102
03_Web/site.webmanifest,569,application/manifest+json,,,,7252a194e580d60b2bafede99ec02bce62a0c91ed53f03465ef4e5cebb0c0850
04_iOS/AppIcon.appiconset/AppIcon-1024.png,33127,image/png,1024,1024,RGB,3fdc2c0a011d21a270c7cbdd2f5cf470f31b5f57a8294ccf27c4fee24ad5ce95
04_iOS/AppIcon.appiconset/AppIcon-20@2x.png,1216,image/png,40,40,RGBA,b04d2935336db6840457729bb5945ac640ad142ca276037a5d3472076cbae704
04_iOS/AppIcon.appiconset/AppIcon-20@3x.png,1974,image/png,60,60,RGBA,8e78d7d5c186844fa1cd8c1e032d5688172d1c05ee524b06010ded0b3875739e
04_iOS/AppIcon.appiconset/AppIcon-29@2x.png,1859,image/png,58,58,RGBA,794199c89601d1b0ceb423686f4e0d41d278ccedd51889f2a7c475fdc28b6c64
04_iOS/AppIcon.appiconset/AppIcon-29@3x.png,2846,image/png,87,87,RGBA,2c653c7ebee0924c971dc9f99a5b2f7a4a8da2c865174b92f3b26abd953bbd2d
04_iOS/AppIcon.appiconset/AppIcon-40@2x.png,2625,image/png,80,80,RGBA,c60c9671aa548446583d7e3e879cd1509d972215a5013e8e3f5e754d8c9e8e7f
04_iOS/AppIcon.appiconset/AppIcon-40@3x.png,3950,image/png,120,120,RGBA,d46c57239207e9b74b97870d74b2bb269b69c98e295ea0f8b58342361e5c6e7a
04_iOS/AppIcon.appiconset/AppIcon-60@2x.png,3950,image/png,120,120,RGBA,d46c57239207e9b74b97870d74b2bb269b69c98e295ea0f8b58342361e5c6e7a
04_iOS/AppIcon.appiconset/AppIcon-60@3x.png,5918,image/png,180,180,RGBA,559b836a8323612155317ab58d0e438cc6a02b9f26d7ffa90db5b0fd3e563a29
04_iOS/AppIcon.appiconset/AppIcon-iPad-20.png,580,image/png,20,20,RGB,21b2a51420117bca46cca8221aabafb63dee85c9a035c40b0df15b730da0f04f
04_iOS/AppIcon.appiconset/AppIcon-iPad-20@2x.png,1216,image/png,40,40,RGBA,b04d2935336db6840457729bb5945ac640ad142ca276037a5d3472076cbae704
04_iOS/AppIcon.appiconset/AppIcon-iPad-29.png,845,image/png,29,29,RGBA,31c31d66fb663bfbcc4c2165411fb2dff4d8553d2df1755bebfb1c8c95842cb3
04_iOS/AppIcon.appiconset/AppIcon-iPad-29@2x.png,1859,image/png,58,58,RGBA,794199c89601d1b0ceb423686f4e0d41d278ccedd51889f2a7c475fdc28b6c64
04_iOS/AppIcon.appiconset/AppIcon-iPad-40.png,1216,image/png,40,40,RGBA,b04d2935336db6840457729bb5945ac640ad142ca276037a5d3472076cbae704
04_iOS/AppIcon.appiconset/AppIcon-iPad-40@2x.png,2625,image/png,80,80,RGBA,c60c9671aa548446583d7e3e879cd1509d972215a5013e8e3f5e754d8c9e8e7f
04_iOS/AppIcon.appiconset/AppIcon-iPad-76.png,2490,image/png,76,76,RGBA,632f6973ded65e9b3f991323560267f4f9be87b32c79972b9f805f93a47d3ee9
04_iOS/AppIcon.appiconset/AppIcon-iPad-76@2x.png,5067,image/png,152,152,RGBA,8a1b862e8dc9c7022ed875da9d92a5b86fbf52efc0c039d370e18e1476d0f0d3
04_iOS/AppIcon.appiconset/AppIcon-iPad-83.5@2x.png,5587,image/png,167,167,RGBA,d320fa543c1926d7033cb245ad31f6d9c7fd05c3609e7652458317ccabb7842b
04_iOS/AppIcon.appiconset/Contents.json,1718,application/json,,,,983894ee40e9c36d627c2f23ebae64275aa784a936ca9461625145647708bcf5
04_iOS/README.md,480,text/markdown,,,,92d02da2c88e2266a2bf5b84ece05eac114c6abf023f98204b6099d2d5270ee8
04_iOS/alternates/AppIcon-Dark-1024.png,38737,image/png,1024,1024,RGB,108e9015029e134b3198394b81e28b1a8d664ce6f9cc1363196439e21ffe34f6
04_iOS/alternates/AppIcon-Tinted-1024.png,13357,image/png,1024,1024,RGB,116fac70e71727d809a8d9aea06eb3847e720342e06d9da0b071bb10ae42f160
05_Android/README.md,559,text/markdown,,,,bbc46b4a8849d9056fa6dfaddb390b99c32b58efe89cd05b15ebce53c72324c0
05_Android/app/src/main/res/drawable-nodpi/ic_launcher_background.png,1375,image/png,432,432,P,23f57f5bc56887d9084c44c2f14a638e529419cbfd3b7d5e573a2b8388c97fa8
05_Android/app/src/main/res/drawable-nodpi/ic_launcher_foreground.png,7965,image/png,432,432,LA,6628f2089ce6407f2653a30fcfcc214b4d08ac1d4ca5438904116fdc700876a8
05_Android/app/src/main/res/drawable-nodpi/ic_launcher_monochrome.png,7510,image/png,432,432,LA,45db79218dcef033a05ba080e54032d9181b4f0abe47af8de7227ded7963ba98
05_Android/app/src/main/res/mipmap-anydpi-v26/ic_launcher.xml,342,application/xml,,,,70b2ac3439003417837321309c0f076c173678425fbb948c6e2c5de3a1ad6925
05_Android/app/src/main/res/mipmap-anydpi-v26/ic_launcher_round.xml,342,application/xml,,,,70b2ac3439003417837321309c0f076c173678425fbb948c6e2c5de3a1ad6925
05_Android/app/src/main/res/mipmap-hdpi/ic_launcher.png,2329,image/png,72,72,RGBA,a48637a3df420b535553c08831522ba80f8ee7875771f8296c72cede6150db49
05_Android/app/src/main/res/mipmap-hdpi/ic_launcher_round.png,3061,image/png,72,72,RGBA,327e8c408434bb5e783a91b55be1bd3cbceb6a73f7699d3edbf62576c53e50a4
05_Android/app/src/main/res/mipmap-mdpi/ic_launcher.png,1499,image/png,48,48,RGBA,d9d6fa78069a15e16f7dfa197ada0161cb56f7212628d1f353d3533b656f8fe2
05_Android/app/src/main/res/mipmap-mdpi/ic_launcher_round.png,2044,image/png,48,48,RGBA,b5a4b0f0f41524a5491373dc305b6a553ef642507e0375607f402df0acdab7e0
05_Android/app/src/main/res/mipmap-xhdpi/ic_launcher.png,3201,image/png,96,96,RGBA,8e2eaf15b16197b01ea761be68afde6db3dc565df8bd32dea8c907682d8ff20a
05_Android/app/src/main/res/mipmap-xhdpi/ic_launcher_round.png,4301,image/png,96,96,RGBA,438ad6a0ff39575967f108ff5f8f4c5deee3f1cf13a5e4f5ece86be5d8e3f80a
05_Android/app/src/main/res/mipmap-xxhdpi/ic_launcher.png,4749,image/png,144,144,RGBA,6467dcdfa2cf87388b99accb750a11e9670041ebf8f3e618880e5a7112eeb46d
05_Android/app/src/main/res/mipmap-xxhdpi/ic_launcher_round.png,6441,image/png,144,144,RGBA,a1b811d4cdf4584e9f022a4544c7bb3a4d82da9610ef348c9b152e67fa420198
05_Android/app/src/main/res/mipmap-xxxhdpi/ic_launcher.png,6457,image/png,192,192,RGBA,0e08e774c10a11163acbd0e2694ec2075644077b19d6101fa0fdf2901b6f0ba7
05_Android/app/src/main/res/mipmap-xxxhdpi/ic_launcher_round.png,8745,image/png,192,192,RGBA,195b7982bcd313b6ca9be3fcfa610e91787fb381ced67f981be165763f44dc94
05_Android/app/src/main/res/values/colors.xml,122,application/xml,,,,e7df07fd18080f728ad15003b373320b9ac22bd5e4817a956ea728198e0f5463
05_Android/play-store/feature-graphic-1024x500.png,27537,image/png,1024,500,RGBA,d5686d921481fcbe41570aaaef971d220cd67536e9081973490a8bdb267d3500
05_Android/play-store/play-store-icon-512.png,17631,image/png,512,512,RGBA,289050d6a6c8593c6d91770a61f2ffcd1492528b2942a6d08a662458425aa102
06_Social/Facebook/facebook-cover-1640x624.png,35753,image/png,1640,624,RGBA,ac6691a36e4e3d522899a29f5e7c3184af81dae87b2755cc61ec746ec74f4348
06_Social/Facebook/facebook-profile-400x400.png,11872,image/png,400,400,RGB,7f0011af25b51552aecbafa6cccabf57e3e7fa4c410bed8ae511dd40fd5f22ce
06_Social/Generic/social-avatar-1080x1080.png,36916,image/png,1080,1080,RGB,92821a838baea3828502e7ca7363fc1878f542db6c0e72729a11d65a61f2a2e0
06_Social/Generic/social-share-1200x630.png,32454,image/png,1200,630,RGBA,a27d557882b4b60a24a970e5bdbb2ec635bdf2a799dab6d8d37ab35bf790eb25
06_Social/Generic/story-background-1080x1920.png,45950,image/png,1080,1920,RGBA,2bcdf5fc762a173528423e1d78cf55edda9cea361c69a3d8d1eedc26b55d98dd
06_Social/Instagram/instagram-profile-1080x1080.png,36916,image/png,1080,1080,RGB,92821a838baea3828502e7ca7363fc1878f542db6c0e72729a11d65a61f2a2e0
06_Social/LinkedIn/linkedin-cover-1128x191.png,19510,image/png,1128,191,RGBA,18b7d4dba6a36fc03eaee668028d52af7f6dcc8bd80882f68bf1d78b96a237fd
06_Social/LinkedIn/linkedin-profile-400x400.png,11872,image/png,400,400,RGB,7f0011af25b51552aecbafa6cccabf57e3e7fa4c410bed8ae511dd40fd5f22ce
06_Social/README.md,642,text/markdown,,,,fa2896de53a815cddbbd2520b7b5370bf4bd6c064680379530d9eb811eed7f28
06_Social/TikTok/tiktok-profile-200x200.png,5762,image/png,200,200,RGB,c7c59bf6c63f404932959aa53b63704901b284a4464d9859512578a3bd9d8cc9
06_Social/X/x-header-1500x500.png,33542,image/png,1500,500,RGBA,0da611a152c6bb65b07a45f4f578955f9ea85def261dc712e557201d222db57f
06_Social/X/x-profile-400x400.png,11872,image/png,400,400,RGB,7f0011af25b51552aecbafa6cccabf57e3e7fa4c410bed8ae511dd40fd5f22ce
06_Social/YouTube/youtube-banner-2560x1440.png,55989,image/png,2560,1440,RGBA,185e7677aea96a077a19c5b97b51090e1d743fecaf83c41485bbf1af9df6acb8
06_Social/YouTube/youtube-profile-800x800.png,26047,image/png,800,800,RGB,b4cf055c9cbe016326fc0062b4b3cf7ebd76685bdaf52c21e323e16f9d933029
07_Print/shongre-icon-1024.png,70571,image/png,1024,1024,RGBA,5dbb845ecafbc4713996c5d0e7b0b7dec4d77ecfdac13ff1163be881b49e9cd1
07_Print/shongre-logo-horizontal-cmyk-approx-300dpi.tif,21482,image/tiff,1956,500,CMYK,f7fbd1e8ec5d240d01a2518a3ecd5bed5f33c13b45f2e599debbd07e81f7c3db
07_Print/shongre-logo-horizontal-grayscale-300dpi.tif,5474,image/tiff,1956,500,L,59d4b627f341e797e016d583d295a30cc5e2b4e941c1894e11a832d6018fa65f
07_Print/shongre-logo-horizontal-primary.eps,5868967,application/postscript,1956,500,RGB,ae54d620836ace1144f00821c1ab43aefb8ee162a55eef2a146448f7cad1561e
07_Print/shongre-logo-horizontal-primary.pdf,28951,application/pdf,,,,f5ca3a40b5722a3f6f7548ae35d7701c563d88ec037df3bf993f08b40a6ed39f
07_Print/shongre-logo-horizontal-rgb-300dpi.tif,23854,image/tiff,1956,500,RGBA,92d461aec3d9a7ce5bc80c8d66d0ad977ac318c2a2ec718c7d50ae4e654d0a87
08_Design_Tokens/android/colors.xml,352,application/xml,,,,5a8e993e73affcd03c8971ef69b2ef77c91121184c546c70e5e2b4ed88b60151
08_Design_Tokens/brand-tokens.json,1313,application/json,,,,4c51752e8cfdad89bc817205f3a7e3cb53beafd2a40a1a55f6c5c5b29d593111
08_Design_Tokens/ios/Colors.json,390,application/json,,,,dbcc69601707f5b6170c9115012d9f85cef9e14b369c79a5ae849ead0a72edfa
08_Design_Tokens/shongre-brand.css,598,text/css,,,,bf41e33d29604955c44c9efb64c14dd9901b0a06bb7e36dbf706d0281040680c
09_Documentation/Shongre_Brand_Guidelines.docx,300887,application/vnd.openxmlformats-officedocument.wordprocessingml.document,,,,ba44f89df5a1a1baa3a94c33e03cb2fe56cb72090a3c34836bc2b34140615683
09_Documentation/Shongre_Brand_Guidelines.md,3823,text/markdown,,,,af8fc43f15cfca032537ae2561afab90634bf2ea5e2975532fbde565f9bb7564
09_Documentation/Shongre_Brand_Guidelines.pdf,178639,application/pdf,,,,cb0fd164c290e15a55fad01475781431e1de17ec8a0a4a6525b970709db75ac2
10_Previews/shongre-brand-board.png,114139,image/png,2400,1600,RGBA,82f65864a9d24efca13d1a19030231f3c8014c3746217e08b4f270d02942cdb7
LICENSE_AND_TRADEMARK.md,607,text/markdown,,,,dabcc59038efd8168f09cd833f15a16126a9194490f2d9247fda8bb104f4dfe2
README.md,3194,text/markdown,,,,1f540ba7ce07f964af9df49b1145a8b62cd95faa0a374bf1d71e681e82a0cb0c
VERSION.txt,132,text/plain,,,,5e593b7bfdc3d027dd71b343179c638f3d3ba65c1d6ecddd341aff54989b10f9
